Engine.PowerAtShaftRelative,Engine.RPM,Engine.PowerAtShaft,Unnamed: 3,Consumptions_Parsed,Unnamed: 5,Unnamed: 6,Unnamed: 7,Engine.PowerAtShaft_uptd,Engine.PowerAtShaft_Imputed_5,Engine.PowerAtShaft_Imputed,Unnamed: 11,Unnamed: 12,Unnamed: 13,Unnamed: 14,,Consumptions_Parsed_NN,EngineRunningMinutes,Engine.RunningHours
63.95,77,4320,,26.8,,,,4320,4320,4320,,,,,,26.8,1440,24
,80.8,5400,,2,,,,3334.8325,3600.466,4113.11,,,,,,2,188.416964,3.14
0,80.8,5400,,5.1,,,,5019,4815.2,5189,,,,,,5.1,330.4267528,5.51
0,80.8,5400,,4.7,,,,4705,4815.2,4629.333333,,,,,,4.7,312.1029091,5.2
0,80.8,5400,,4.4,,,,4622,4372.6,4369.666667,,,,,,4.4,298.3600263,4.97
0,80.8,5400,,4.5,,,,4622,4684,4369.666667,,,,,,4.5,302.9409872,5.05
0,80.8,5400,,4.5,,,,4622,4684,4369.666667,,,,,,4.5,302.9409872,5.05
0,80.8,5400,,4.6,,,,4622,4684,4629.333333,,,,,,4.6,307.5219482,5.13
,80.8,5400,,7.2,,,,4749.75,4873.2,4621.666667,,,,,,7.2,426.6269323,7.11
,80.8,5400,,7.8,,,,4955.5,4873.2,5130,,,,,,7.8,454.1126979,7.57
,80.8,5400,,1.3,,,,3271.8325,3344.066,3322.443333,,,,,,1.3,156.3502375,2.61
66.72,77.4,4507,,26.7,,,,4507,4507,4507,,,,,,26.7,1404,23.4
68.88,77.4,4653,,28,,,,4653,4653,4653,,,,,,28,1440,24
66.87,78,4517,,28.5,,,,4517,4517,4517,,,,,,28.5,1440,24
67.27,77.4,4544,,27.4,,,,4544,4544,4544,,,,,,27.4,1440,24
66.81,78,4513,,28.3,,,,4513,4513,4513,,,,,,28.3,1440,24
66.63,77.3,4501,,27.5,,,,4501,4501,4501,,,,,,27.5,1440,24
66.62,77.9,4500,,28,,,,4500,4500,4500,,,,,,28,1440,24
68.33,76.9,4616,,27.5,,,,4616,4616,4616,,,,,,27.5,1440,24
68.54,77.4,4630,,28.8,,,,4630,4630,4630,,,,,,28.8,1440,24
71.28,77.3,4815,,28.1,,,,4815,4815,4815,,,,,,28.1,1440,24
70.04,78,4731,,25.3,,,,4731,4731,4731,,,,,,25.3,1266,21.1
0,80.8,5400,,1.4,,,,3271.8325,3344.066,3322.443333,,,,,,1.4,96,1.6
0,80.8,5400,,3.2,,,,4029.75,3898.8,3748.666667,,,,,,3.2,243.3884952,4.06
,80.8,5400,,5,,,,5019,4815.2,4940,,,,,,5,325.8457919,5.43
,80.8,5400,,1.4,,,,3271.8325,3344.066,3322.443333,,,,,,1.4,160.9311984,2.68
,80.8,5400,,1.3,,,,3271.8325,3344.066,3322.443333,,,,,,1.3,156.3502375,2.61
65.61,76.5,4432,,6.7,,,,4432,4432,4432,,,,,,6.7,456,7.6
64.71,77.8,4371,,25.8,,,,4371,4371,4371,,,,,,25.8,1440,24
67.17,78,4537,,12.1,,,,4537,4537,4537,,,,,,12.1,690,11.5
0,80.8,5400,,0.4,,,,3271.8325,3344.066,3084.666667,,,,,,0.4,72,1.2
0,80.8,5400,,1.4,,,,3271.8325,3344.066,3322.443333,,,,,,1.4,160.9311984,2.68
0,80.8,5400,,5.5,,,,4593,4750.2,4480,,,,,,5.5,342,5.7
0,80.8,5400,,13.5,,,,4942,4952.678,4563.333333,,,,,,13.5,852,14.2
0,80.8,5400,,1.3,,,,3271.8325,3344.066,3322.443333,,,,,,1.3,156.3502375,2.61
0,80.8,5400,,3.4,,,,3965.25,3898.8,3662.666667,,,,,,3.4,252.550417,4.21
0,80.8,5400,,3.3,,,,3965.25,3898.8,3662.666667,,,,,,3.3,247.9694561,4.13
0,80.8,5400,,3.5,,,,3897,4092.2,3662.666667,,,,,,3.5,257.1313779,4.29
,80.8,5400,,5.8,,,,4704.5,4750,4520.666667,,,,,,5.8,362.4934793,6.04
,80.8,5400,,5.7,,,,4704.5,4750,4520.666667,,,,,,5.7,357.9125184,5.97
,80.8,5400,,12.3,,,,4191.3475,3801.078,3923.333333,,,,,,12.3,660.2559396,11
66.75,72.8,4509,,4.8,,,,4509,4509,4509,,,,,,4.8,288,4.8
65.7,74.8,4438,,26.5,,,,4438,4438,4438,,,,,,26.5,1380,23
77.38,77.8,5227,,28.2,,,,5227,5227,5227,,,,,,28.2,1380,23
88.65,83.9,5988,,29.7,,,,5988,5988,5988,,,,,,29.7,1440,24
79.26,80.9,5354,,28.5,,,,5354,5354,5354,,,,,,28.5,1440,24
78.76,83,5320,,17.8,,,,5320,5320,5320,,,,,,17.8,936,15.6
0,80.8,5400,,0.5,,,,3271.8325,3344.066,3084.666667,,,,,,0.5,119.7025501,2
0,80.8,5400,,0.8,,,,3271.8325,3344.066,3084.666667,,,,,,0.8,133.4454329,2.22
0,80.8,5400,,0.8,,,,3271.8325,3344.066,3084.666667,,,,,,0.8,133.4454329,2.22
0,80.8,5400,,3,,,,4029.75,3898.8,4389.666667,,,,,,3,234.2265733,3.9
0,80.8,5400,,3.7,,,,3897,3917.6,3641.666667,,,,,,3.7,266.2932998,4.44
,80.8,5400,,0.6,,,,3271.8325,3344.066,3084.666667,,,,,,0.6,124.283511,2.07
,80.8,5400,,8.2,,,,5187.5,5036.4,5130,,,,,,8.2,472.4365416,7.87
0,80.8,5400,,0.6,,,,3271.8325,3344.066,3084.666667,,,,,,0.6,96,1.6
0,80.8,5400,,1.3,,,,3271.8325,3344.066,3322.443333,,,,,,1.3,156.3502375,2.61
,80.8,5400,,1.3,,,,3271.8325,3344.066,3322.443333,,,,,,1.3,156.3502375,2.61
89.42,78.9,6040,,24.7,,,,6040,6040,6040,,,,,,24.7,1230,20.5
71.07,83.7,4801,,30.9,,,,4801,4801,4801,,,,,,30.9,1500,25
71.53,81.9,4832,,29.4,,,,4832,4832,4832,,,,,,29.4,1500,25
81.54,79.4,5508,,28.8,,,,5508,5508,5508,,,,,,28.8,1440,24
76.24,77.4,5150,,30.7,,,,5150,5150,5150,,,,,,30.7,1440,24
80.21,67.4,5418,,24.6,,,,5418,5418,5418,,,,,,24.6,1440,24
69.98,79.2,4727,,29.3,,,,4727,4727,4727,,,,,,29.3,1440,24
72.09,80.8,4870,,17.5,,,,4870,4870,4870,,,,,,17.5,858,14.3
0,80.8,5400,,1.7,,,,3334.8325,3694.666,2822.11,,,,,,1.7,108,1.8
0,80.8,5400,,1.1,,,,3271.8325,3344.066,3322.443333,,,,,,1.1,147.1883157,2.45
0,80.8,5400,,4.1,,,,4121,4372.6,3991.666667,,,,,,4.1,284.6171435,4.74
0,80.8,5400,,3.5,,,,3897,4092.2,3662.666667,,,,,,3.5,257.1313779,4.29
0,80.8,5400,,3.8,,,,3731.25,3917.6,3641.666667,,,,,,3.8,270.8742607,4.51
0,80.8,5400,,4,,,,3731.25,3886.8,3991.666667,,,,,,4,280.0361826,4.67
0,80.8,5400,,4,,,,3731.25,3886.8,3991.666667,,,,,,4,280.0361826,4.67
0,80.8,5400,,3.7,,,,3897,3917.6,3641.666667,,,,,,3.7,266.2932998,4.44
,80.8,5400,,1.3,,,,3271.8325,3344.066,3322.443333,,,,,,1.3,156.3502375,2.61
,80.8,5400,,5,,,,5019,4815.2,4940,,,,,,5,325.8457919,5.43
,80.8,5400,,0.9,,,,3271.8325,3344.066,3322.443333,,,,,,0.9,138.0263938,2.3
67.27,78.1,4544,,6.6,,,,4544,4544,4544,,,,,,6.6,372,6.2
0,80.8,5400,,0.5,,,,3271.8325,3344.066,3084.666667,,,,,,0.5,119.7025501,2
0,80.8,5400,,1.7,,,,3334.8325,3694.666,2822.11,,,,,,1.7,174.6740812,2.91
0,80.8,5400,,4.1,,,,4121,4372.6,3991.666667,,,,,,4.1,284.6171435,4.74
0,80.8,5400,,4.2,,,,4121,4372.6,3991.666667,,,,,,4.2,289.1981044,4.82
0,80.8,5400,,3.4,,,,3965.25,3898.8,3662.666667,,,,,,3.4,252.550417,4.21
,80.8,5400,,0.7,,,,3271.8325,3344.066,3084.666667,,,,,,0.7,128.864472,2.15
,80.8,5400,,8.5,,,,5187.5,5036.4,5287,,,,,,8.5,486.1794244,8.1
,80.8,5400,,0.4,,,,3271.8325,3344.066,3084.666667,,,,,,0.4,115.1215892,1.92
69.03,69,4663,,3,,,,4663,4663,4663,,,,,,3,186,3.1
72.42,81.1,4892,,29,,,,4892,4892,4892,,,,,,29,1440,24
72.79,81.6,4917,,29.5,,,,4917,4917,4917,,,,,,29.5,1440,24
70.88,78.3,4788,,29,,,,4788,4788,4788,,,,,,29,1380,23
71.37,80.9,4821,,29.8,,,,4821,4821,4821,,,,,,29.8,1440,24
71.06,81.1,4800,,28.3,,,,4800,4800,4800,,,,,,28.3,1380,23
75.38,81.8,5092,,29.9,,,,5092,5092,5092,,,,,,29.9,1440,24
71.8,81,4850,,29.4,,,,4850,4850,4850,,,,,,29.4,1440,24
72.85,80.1,4921,,29.3,,,,4921,4921,4921,,,,,,29.3,1440,24
74.76,79.9,5050,,30,,,,5050,5050,5050,,,,,,30,1440,24
74.45,79.8,5029,,30,,,,5029,5029,5029,,,,,,30,1440,24
74.39,81.5,5025,,30,,,,5025,5025,5025,,,,,,30,1440,24
76,82,5134,,8,,,,5134,5134,5134,,,,,,8,402,6.7
0,80.8,5400,,12,,,,4302,4540.2,5158.333333,,,,,,12,646.5130569,10.78
0,80.8,5400,,0.9,,,,3271.8325,3344.066,3322.443333,,,,,,0.9,138.0263938,2.3
0,80.8,5400,,3.7,,,,3897,3917.6,3641.666667,,,,,,3.7,266.2932998,4.44
0,80.8,5400,,3.6,,,,3897,4092.2,3641.666667,,,,,,3.6,261.7123389,4.36
0,80.8,5400,,3.7,,,,3897,3917.6,3641.666667,,,,,,3.7,266.2932998,4.44
0,80.8,5400,,3.8,,,,3731.25,3917.6,3641.666667,,,,,,3.8,270.8742607,4.51
0,80.8,5400,,4.1,,,,4121,4372.6,3991.666667,,,,,,4.1,284.6171435,4.74
0,80.8,5400,,4,,,,3731.25,3886.8,3991.666667,,,,,,4,280.0361826,4.67
0,80.8,5400,,3.9,,,,3731.25,3917.6,3991.666667,,,,,,3.9,275.4552217,4.59
0,80.8,5400,,3.9,,,,3731.25,3917.6,3991.666667,,,,,,3.9,275.4552217,4.59
0,80.8,5400,,3.9,,,,3731.25,3917.6,3991.666667,,,,,,3.9,275.4552217,4.59
0,80.8,5400,,3.7,,,,3897,3917.6,3641.666667,,,,,,3.7,266.2932998,4.44
0,80.8,5400,,3.7,,,,3897,3917.6,3641.666667,,,,,,3.7,266.2932998,4.44
0,80.8,5400,,1.6,,,,3400.0825,3344.066,3322.443333,,,,,,1.6,170.0931203,2.83
,80.8,5400,,1,,,,3271.8325,3592.066,3322.443333,,,,,,1,142.6073547,2.38
,80.8,5400,,6.3,,,,4806,4507.6,4784.666667,,,,,,6.3,385.3982839,6.42
0,80.8,5400,,3,,,,4029.75,3898.8,4389.666667,,,,,,3,234.2265733,3.9
0,80.8,5400,,3.8,,,,3731.25,3917.6,3641.666667,,,,,,3.8,270.8742607,4.51
0,80.8,5400,,1.2,,,,3271.8325,3592.066,3322.443333,,,,,,1.2,151.7692766,2.53
,80.8,5400,,12.5,,,,4191.3475,3801.078,3923.333333,,,,,,12.5,669.4178615,11.16
72.09,75,4870,,5.8,,,,4870,4870,4870,,,,,,5.8,324,5.4
80.55,80.1,5441,,29.5,,,,5441,5441,5441,,,,,,29.5,1440,24
82.04,80.8,5542,,30.1,,,,5542,5542,5542,,,,,,30.1,1440,24
76.98,80.7,5200,,30.4,,,,5200,5200,5200,,,,,,30.4,1500,25
75.69,80.4,5113,,28.8,,,,5113,5113,5113,,,,,,28.8,1440,24
76.57,80.4,5172,,30.4,,,,5172,5172,5172,,,,,,30.4,1500,25
78.71,80.8,5317,,29.8,,,,5317,5317,5317,,,,,,29.8,1440,24
79.2,80.1,5350,,30,,,,5350,5350,5350,,,,,,30,1440,24
77.29,80,5221,,29.8,,,,5221,5221,5221,,,,,,29.8,1440,24
78.28,80,5288,,29.8,,,,5288,5288,5288,,,,,,29.8,1440,24
78.21,80.4,5283,,29.8,,,,5283,5283,5283,,,,,,29.8,1440,24
74.88,79.7,5058,,29.2,,,,5058,5058,5058,,,,,,29.2,1440,24
77.47,80.3,5233,,29.7,,,,5233,5233,5233,,,,,,29.7,1440,24
78.95,79.2,5333,,29.8,,,,5333,5333,5333,,,,,,29.8,1440,24
78.09,79.4,5275,,29.6,,,,5275,5275,5275,,,,,,29.6,1440,24
80.5,83,5438,,11.2,,,,5438,5438,5438,,,,,,11.2,534,8.9
,80.8,5400,,2.7,,,,4029.75,3898.8,4389.666667,,,,,,2.7,220.4836905,3.67
,80.8,5400,,14,,,,5380.105,5054.484,5227.473333,,,,,,14,738.1322754,12.3
60.7,78.6,4100,,13.6,,,,4100,4100,4100,,,,,,13.6,1008,16.8
59.22,80,4000,,20.5,,,,4000,4000,4000,,,,,,20.5,1380,23
77.87,83.9,5260,,24.5,,,,5260,5260,5260,,,,,,24.5,1440,24
70.32,81.4,4750,,15.3,,,,4750,4750,4750,,,,,,15.3,1110,18.5
0,80.8,5400,,3.4,,,,3965.25,3898.8,3662.666667,,,,,,3.4,252.550417,4.21
0,80.8,5400,,3.6,,,,3897,4092.2,3641.666667,,,,,,3.6,261.7123389,4.36
0,80.8,5400,,3.4,,,,3965.25,3898.8,3662.666667,,,,,,3.4,252.550417,4.21
0,80.8,5400,,3.7,,,,3897,3917.6,3641.666667,,,,,,3.7,266.2932998,4.44
0,80.8,5400,,4.3,,,,4121,4372.6,4369.666667,,,,,,4.3,293.7790654,4.9
0,80.8,5400,,5.7,,,,4704.5,4750,4520.666667,,,,,,5.7,357.9125184,5.97
0,80.8,5400,,4.3,,,,4121,4372.6,4369.666667,,,,,,4.3,293.7790654,4.9
0,80.8,5400,,9,,,,5465.25,5350,5287,,,,,,9,509.084229,8.48
0,80.8,5400,,7.5,,,,4955.5,4873.2,5130,,,,,,7.5,440.3698151,7.34
0,80.8,5400,,9.5,,,,5365,5365.4,5453.333333,,,,,,9.5,531.9890336,8.87
0,80.8,5400,,4.8,,,,4705,4815.2,4940,,,,,,4.8,316.68387,5.28
0,80.8,5400,,6.3,,,,4806,4507.6,4784.666667,,,,,,6.3,240,4
0,80.8,5400,,5.8,,,,4704.5,4750,4520.666667,,,,,,5.8,150,2.5
0,80.8,5400,,4.8,,,,4705,4815.2,4940,,,,,,4.8,114,1.9
0,80.8,5400,,5.4,,,,4593,4750.2,4500.666667,,,,,,5.4,204,3.4
0,80.8,5400,,3.4,,,,3965.25,3898.8,3662.666667,,,,,,3.4,252.550417,4.21
0,80.8,5400,,4.5,,,,4622,4684,4369.666667,,,,,,4.5,108,1.8
0,80.8,5400,,3.3,,,,3965.25,3898.8,3662.666667,,,,,,3.3,247.9694561,4.13
0,80.8,5400,,4.3,,,,4121,4372.6,4369.666667,,,,,,4.3,72,1.2
0,80.8,5400,,6.2,,,,4526.5,4507.6,4930.666667,,,,,,6.2,210,3.5
,80.8,5400,,5.1,,,,5019,4815.2,5189,,,,,,5.1,330.4267528,5.51
,80.8,5400,,40.2,,,,5453.25,5485,5437.666667,,,,,,40.2,1938.344039,32.31
,80.8,5400,,0.8,,,,3271.8325,3344.066,3084.666667,,,,,,0.8,133.4454329,2.22
78.46,80,5300,,23.5,,,,5300,5300,5300,,,,,,23.5,1170,19.5
77.72,81,5250,,29.5,,,,5250,5250,5250,,,,,,29.5,1440,24
78.16,81.4,5280,,30,,,,5280,5280,5280,,,,,,30,1500,25
78.58,81.1,5308,,29.5,,,,5308,5308,5308,,,,,,29.5,1440,24
79.6,82.4,5377,,29.5,,,,5377,5377,5377,,,,,,29.5,1440,24
80.53,81.9,5440,,30.4,,,,5440,5440,5440,,,,,,30.4,1500,25
82.21,82.2,5553,,29.4,,,,5553,5553,5553,,,,,,29.4,1440,24
80.34,81.9,5427,,29.6,,,,5427,5427,5427,,,,,,29.6,1440,24
78.46,82.1,5300,,29.6,,,,5300,5300,5300,,,,,,29.6,1440,24
66.62,77,4500,,29.3,,,,4500,4500,4500,,,,,,29.3,1440,24
76.24,78.8,5150,,29,,,,5150,5150,5150,,,,,,29,1440,24
66.62,75,4500,,18.2,,,,4500,4500,4500,,,,,,18.2,1140,19
0,80.8,5400,,0.8,,,,3271.8325,3344.066,3084.666667,,,,,,0.8,240,4
0,80.8,5400,,3.3,,,,3965.25,3898.8,3662.666667,,,,,,3.3,247.9694561,4.13
0,80.8,5400,,3.3,,,,3965.25,3898.8,3662.666667,,,,,,3.3,247.9694561,4.13
0,80.8,5400,,3.3,,,,3965.25,3898.8,3662.666667,,,,,,3.3,247.9694561,4.13
0,80.8,5400,,3.3,,,,3965.25,3898.8,3662.666667,,,,,,3.3,247.9694561,4.13
0,80.8,5400,,3.4,,,,3965.25,3898.8,3662.666667,,,,,,3.4,252.550417,4.21
0,80.8,5400,,3.4,,,,3965.25,3898.8,3662.666667,,,,,,3.4,252.550417,4.21
0,80.8,5400,,0.7,,,,3271.8325,3344.066,3084.666667,,,,,,0.7,128.864472,2.15
,80.8,5400,,0.7,,,,3271.8325,3344.066,3084.666667,,,,,,0.7,128.864472,2.15
,80.8,5400,,11.2,,,,5257.75,5406.2,5343.666667,,,,,,11.2,609.8653694,10.16
,80.8,5400,,0.5,,,,3271.8325,3344.066,3084.666667,,,,,,0.5,119.7025501,2
75.5,80.1,5100,,10.8,,,,5100,5100,5100,,,,,,10.8,564,9.4
70.24,80.7,4745,,28.8,,,,4745,4745,4745,,,,,,28.8,1440,24
83.57,80.2,5645,,28.9,,,,5645,5645,5645,,,,,,28.9,1440,24
69.9,80.6,4722,,28.8,,,,4722,4722,4722,,,,,,28.8,1440,24
78.96,82.8,5334,,30.2,,,,5334,5334,5334,,,,,,30.2,1440,24
78.55,80.9,5306,,29.9,,,,5306,5306,5306,,,,,,29.9,1440,24
74.02,83.8,5000,,16.2,,,,5000,5000,5000,,,,,,16.2,810,13.5
0,80.8,5400,,1,,,,3271.8325,3592.066,3322.443333,,,,,,1,142.6073547,2.38
0,80.8,5400,,1.1,,,,3271.8325,3344.066,3322.443333,,,,,,1.1,147.1883157,2.45
0,80.8,5400,,1.4,,,,3271.8325,3344.066,3322.443333,,,,,,1.4,160.9311984,2.68
,80.8,5400,,1.4,,,,3271.8325,3344.066,3322.443333,,,,,,1.4,160.9311984,2.68
,80.8,5400,,4.5,,,,4622,4684,4369.666667,,,,,,4.5,302.9409872,5.05
,80.8,5400,,3,,,,4029.75,3898.8,4389.666667,,,,,,3,234.2265733,3.9
87.46,80.2,5908,,22,,,,5908,5908,5908,,,,,,22,1164,19.4
84.16,83.3,5685,,29.8,,,,5685,5685,5685,,,,,,29.8,1440,24
83.27,83.2,5625,,29.3,,,,5625,5625,5625,,,,,,29.3,1440,24
82.37,82,5564,,28.9,,,,5564,5564,5564,,,,,,28.9,1440,24
81.24,82.7,5488,,29,,,,5488,5488,5488,,,,,,29,1440,24
85.58,82,5781,,28.6,,,,5781,5781,5781,,,,,,28.6,1440,24
85.05,83.2,5745,,28.5,,,,5745,5745,5745,,,,,,28.5,1440,24
97.87,82.9,6611,,28.5,,,,6611,6611,6611,,,,,,28.5,1440,24
87.83,76.8,5933,,29.6,,,,5933,5933,5933,,,,,,29.6,1440,24
102.66,72.2,6935,,29.2,,,,6935,6935,6935,,,,,,29.2,1440,24
90.53,79.8,6115,,29.5,,,,6115,6115,6115,,,,,,29.5,1440,24
82.59,78.5,5579,,29.3,,,,5579,5579,5579,,,,,,29.3,1440,24
86.17,80.3,5821,,29.6,,,,5821,5821,5821,,,,,,29.6,1440,24
84.94,82,5738,,29.5,,,,5738,5738,5738,,,,,,29.5,1440,24
75.1,80,5073,,24.6,,,,5073,5073,5073,,,,,,24.6,1440,24
81.42,78.4,5500,,12,,,,5500,5500,5500,,,,,,12,570,9.5
,80.8,5400,,4.3,,,,4121,4372.6,4369.666667,,,,,,4.3,293.7790654,4.9
,80.8,5400,,12.8,,,,3180.0975,3451.478,2989.463333,,,,,,12.8,683.1607443,11.39
,80.8,5400,,1.1,,,,3271.8325,3344.066,3322.443333,,,,,,1.1,147.1883157,2.45
88.82,75.3,6000,,10.5,,,,6000,6000,6000,,,,,,10.5,594,9.9
59.22,73.3,4000,,4.5,,,,4000,4000,4000,,,,,,4.5,300,5
0,80.8,5400,,0.4,,,,3271.8325,3344.066,3084.666667,,,,,,0.4,90,1.5
0,80.8,5400,,2.9,,,,4029.75,3898.8,4389.666667,,,,,,2.9,229.6456124,3.83
0,80.8,5400,,1.1,,,,3271.8325,3344.066,3322.443333,,,,,,1.1,147.1883157,2.45
,80.8,5400,,0.6,,,,3271.8325,3344.066,3084.666667,,,,,,0.6,124.283511,2.07
78.27,80,5287,,21.8,,,,5287,5287,5287,,,,,,21.8,1080,18
117.99,83,7970,,29.6,,,,7970,7970,7970,,,,,,29.6,1440,24
80.06,83,5408,,28.9,,,,5408,5408,5408,,,,,,28.9,1380,23
85.27,82.7,5760,,29.6,,,,5760,5760,5760,,,,,,29.6,1440,24
33.16,75,2240,,13.2,,,,2240,2240,2240,,,,,,13.2,1380,23
25.66,55.1,1733,,12.9,,,,1733,1733,1733,,,,,,12.9,1440,24
86.72,81,5858,,27.4,,,,5858,5858,5858,,,,,,27.4,1440,24
84.9,81.9,5735,,28.6,,,,5735,5735,5735,,,,,,28.6,1380,23
89.02,82.8,6013,,30.2,,,,6013,6013,6013,,,,,,30.2,1440,24
83.01,82.4,5607,,30.1,,,,5607,5607,5607,,,,,,30.1,1440,24
87.77,75,5929,,21.7,,,,5929,5929,5929,,,,,,21.7,1380,23
87.85,77.7,5934,,29.8,,,,5934,5934,5934,,,,,,29.8,1440,24
58.73,74.5,3967,,28.4,,,,3967,3967,3967,,,,,,28.4,1380,23
82.8,71.8,5593,,27,,,,5593,5593,5593,,,,,,27,1440,24
92.52,79.9,6250,,29.5,,,,6250,6250,6250,,,,,,29.5,1380,23
88.33,85.5,5967,,29.5,,,,5967,5967,5967,,,,,,29.5,1440,24
90.16,83.4,6090,,28.3,,,,6090,6090,6090,,,,,,28.3,1380,23
87.96,84.2,5942,,29.6,,,,5942,5942,5942,,,,,,29.6,1440,24
84.2,82,5688,,28.2,,,,5688,5688,5688,,,,,,28.2,1380,23
74.02,79.9,5000,,28.5,,,,5000,5000,5000,,,,,,28.5,1440,24
14.8,43.3,1000,,1.1,,,,1000,1000,1000,,,,,,1.1,120,2
,80.8,5400,,5,,,,5019,4815.2,4940,,,,,,5,325.8457919,5.43
,80.8,5400,,9,,,,5465.25,5350,5287,,,,,,9,509.084229,8.48
,80.8,5400,,2.6,,,,4029.75,3898.8,4389.666667,,,,,,2.6,215.9027296,3.6
81.32,79.5,5493,,11.1,,,,5493,5493,5493,,,,,,11.1,552,9.2
81.5,80,5505,,30.2,,,,5505,5505,5505,,,,,,30.2,1440,24
88.33,79.8,5967,,29.9,,,,5967,5967,5967,,,,,,29.9,1500,25
85.23,81.3,5757,,30.2,,,,5757,5757,5757,,,,,,30.2,1440,24
91.77,79,6199,,30.2,,,,6199,6199,6199,,,,,,30.2,1440,24
86.17,77.8,5821,,30.7,,,,5821,5821,5821,,,,,,30.7,1500,25
80.7,80.8,5451,,29.5,,,,5451,5451,5451,,,,,,29.5,1440,24
96.09,80,6491,,27.5,,,,6491,6491,6491,,,,,,27.5,1440,24
82.69,76.1,5586,,31.2,,,,5586,5586,5586,,,,,,31.2,1500,25
101.75,76.7,6873,,30,,,,6873,6873,6873,,,,,,30,1440,24
81.42,79.1,5500,,31.5,,,,5500,5500,5500,,,,,,31.5,1500,25
81.04,75.5,5474,,30,,,,5474,5474,5474,,,,,,30,1440,24
79.84,77.2,5393,,29.7,,,,5393,5393,5393,,,,,,29.7,1440,24
92.09,80.2,6221,,29.8,,,,6221,6221,6221,,,,,,29.8,1440,24
82.74,78.1,5589,,31.1,,,,5589,5589,5589,,,,,,31.1,1500,25
83.39,80.3,5633,,29.9,,,,5633,5633,5633,,,,,,29.9,1440,24
89.58,82.1,6051,,29.7,,,,6051,6051,6051,,,,,,29.7,1440,24
80.58,80.8,5443,,31.4,,,,5443,5443,5443,,,,,,31.4,1500,25
82.9,82,5600,,21.6,,,,5600,5600,5600,,,,,,21.6,1038,17.3
0,80.8,5400,,1.3,,,,3271.8325,3344.066,3322.443333,,,,,,1.3,156.3502375,2.61
,80.8,5400,,5.4,,,,4593,4750.2,4500.666667,,,,,,5.4,344.1696356,5.74
,80.8,5400,,4.4,,,,4622,4372.6,4369.666667,,,,,,4.4,298.3600263,4.97
,80.8,5400,,0.7,,,,3271.8325,3344.066,3084.666667,,,,,,0.7,128.864472,2.15
79.63,82,5379,,5,,,,5379,5379,5379,,,,,,5,270,4.5
81.39,82.7,5498,,29.2,,,,5498,5498,5498,,,,,,29.2,1440,24
81.18,83.1,5484,,31,,,,5484,5484,5484,,,,,,31,1500,25
78.52,83,5304,,30,,,,5304,5304,5304,,,,,,30,1440,24
77.69,82.3,5248,,30.4,,,,5248,5248,5248,,,,,,30.4,1500,25
81.48,82,5504,,29.3,,,,5504,5504,5504,,,,,,29.3,1440,24
76.98,82,5200,,20.8,,,,5200,5200,5200,,,,,,20.8,1050,17.5
,80.8,5400,,0.8,,,,3271.8325,3344.066,3084.666667,,,,,,0.8,133.4454329,2.22
,80.8,5400,,0.5,,,,3271.8325,3344.066,3084.666667,,,,,,0.5,119.7025501,2
,80.8,5400,,3.3,,,,3965.25,3898.8,3662.666667,,,,,,3.3,247.9694561,4.13
76.98,81,5200,,20.9,,,,5200,5200,5200,,,,,,20.9,1008,16.8
0,80.8,5400,,0.4,,,,3271.8325,3344.066,3084.666667,,,,,,0.4,18,0.3
0,80.8,5400,,3.9,,,,3731.25,3917.6,3991.666667,,,,,,3.9,275.4552217,4.59
,80.8,5400,,4.5,,,,4622,4684,4369.666667,,,,,,4.5,302.9409872,5.05
,80.8,5400,,15.1,,,,3305.75,3745.484,4186,,,,,,15.1,788.5228456,13.14
,80.8,5400,,2.4,,,,4029.75,3990.466,4389.666667,,,,,,2.4,206.7408077,3.45
71.89,78.3,4856,,26.4,,,,4856,4856,4856,,,,,,26.4,1254,20.9
75.63,80.1,5109,,28.6,,,,5109,5109,5109,,,,,,28.6,1440,24
72.72,80.1,4912,,29.3,,,,4912,4912,4912,,,,,,29.3,1440,24
73.78,79.8,4984,,29.3,,,,4984,4984,4984,,,,,,29.3,1440,24
73.16,79.9,4942,,28.9,,,,4942,4942,4942,,,,,,28.9,1440,24
71.59,80.2,4836,,28.3,,,,4836,4836,4836,,,,,,28.3,1380,23
72.35,79.9,4887,,29,,,,4887,4887,4887,,,,,,29,1440,24
82.25,82.6,5556,,30.2,,,,5556,5556,5556,,,,,,30.2,1440,24
81.69,83.1,5518,,30,,,,5518,5518,5518,,,,,,30,1440,24
81.41,82.9,5499,,30,,,,5499,5499,5499,,,,,,30,1380,23
83.42,84,5635,,30.2,,,,5635,5635,5635,,,,,,30.2,1440,24
85.08,83.9,5747,,29.7,,,,5747,5747,5747,,,,,,29.7,1440,24
84.38,84.2,5700,,29,,,,5700,5700,5700,,,,,,29,1380,23
86.13,83.1,5818,,29.3,,,,5818,5818,5818,,,,,,29.3,1440,24
33.63,79.2,2272,,24.3,,,,2272,2272,2272,,,,,,24.3,1440,24
9.84,57.5,665,,14.9,,,,665,665,665,,,,,,14.9,678,11.3
0,80.8,5400,,0.4,,,,3271.8325,3344.066,3084.666667,,,,,,0.4,12,0.2
0,80.8,5400,,1.8,,,,3334.8325,3694.666,3235.443333,,,,,,1.8,179.2550422,2.99
0,80.8,5400,,3.7,,,,3897,3917.6,3641.666667,,,,,,3.7,266.2932998,4.44
0,80.8,5400,,3.8,,,,3731.25,3917.6,3641.666667,,,,,,3.8,270.8742607,4.51
,80.8,5400,,5.8,,,,4704.5,4750,4520.666667,,,,,,5.8,362.4934793,6.04
,80.8,5400,,5.7,,,,4704.5,4750,4520.666667,,,,,,5.7,357.9125184,5.97
,80.8,5400,,1.3,,,,3271.8325,3344.066,3322.443333,,,,,,1.3,156.3502375,2.61
85,81.8,5742,,28.8,,,,5742,5742,5742,,,,,,28.8,1368,22.8
85.09,83.3,5748,,30.2,,,,5748,5748,5748,,,,,,30.2,1440,24
86.78,82.9,5862,,30.2,,,,5862,5862,5862,,,,,,30.2,1440,24
84.28,83.1,5693,,30.2,,,,5693,5693,5693,,,,,,30.2,1440,24
84.43,82.6,5703,,30.2,,,,5703,5703,5703,,,,,,30.2,1440,24
83.75,83.7,5657,,31.5,,,,5657,5657,5657,,,,,,31.5,1500,25
90.5,83.9,6113,,30.1,,,,6113,6113,6113,,,,,,30.1,1440,24
90.11,84,6087,,30.2,,,,6087,6087,6087,,,,,,30.2,1440,24
85.31,83.7,5763,,31.2,,,,5763,5763,5763,,,,,,31.2,1500,25
85.95,82.5,5806,,30.1,,,,5806,5806,5806,,,,,,30.1,1440,24
85.58,83,5781,,31.5,,,,5781,5781,5781,,,,,,31.5,1500,25
85.31,82.7,5763,,30.2,,,,5763,5763,5763,,,,,,30.2,1440,24
82.28,82.4,5558,,29.2,,,,5558,5558,5558,,,,,,29.2,1440,24
82.9,82.3,5600,,30.7,,,,5600,5600,5600,,,,,,30.7,1500,25
82.65,82.7,5583,,29.4,,,,5583,5583,5583,,,,,,29.4,1440,24
83.46,82.8,5638,,29.5,,,,5638,5638,5638,,,,,,29.5,1440,24
86.42,84.8,5838,,13.6,,,,5838,5838,5838,,,,,,13.6,630,10.5
0,80.8,5400,,0.7,,,,3271.8325,3344.066,3084.666667,,,,,,0.7,128.864472,2.15
0,80.8,5400,,0.6,,,,3271.8325,3344.066,3084.666667,,,,,,0.6,124.283511,2.07
,80.8,5400,,2.3,,,,4029.75,3990.466,4389.666667,,,,,,2.3,202.1598468,3.37
0,80.8,5400,,0.6,,,,3271.8325,3344.066,3084.666667,,,,,,0.6,124.283511,2.07
0,80.8,5400,,3.4,,,,3965.25,3898.8,3662.666667,,,,,,3.4,252.550417,4.21
0,80.8,5400,,3.6,,,,3897,4092.2,3641.666667,,,,,,3.6,261.7123389,4.36
0,80.8,5400,,3.7,,,,3897,3917.6,3641.666667,,,,,,3.7,266.2932998,4.44
0,80.8,5400,,3.7,,,,3897,3917.6,3641.666667,,,,,,3.7,266.2932998,4.44
0,80.8,5400,,3.8,,,,3731.25,3917.6,3641.666667,,,,,,3.8,270.8742607,4.51
0,80.8,5400,,4,,,,3731.25,3886.8,3991.666667,,,,,,4,280.0361826,4.67
0,80.8,5400,,4,,,,3731.25,3886.8,3991.666667,,,,,,4,280.0361826,4.67
0,80.8,5400,,3.7,,,,3897,3917.6,3641.666667,,,,,,3.7,266.2932998,4.44
0,80.8,5400,,3.9,,,,3731.25,3917.6,3991.666667,,,,,,3.9,275.4552217,4.59
0,80.8,5400,,4,,,,3731.25,3886.8,3991.666667,,,,,,4,280.0361826,4.67
0,80.8,5400,,4.1,,,,4121,4372.6,3991.666667,,,,,,4.1,284.6171435,4.74
0,80.8,5400,,4,,,,3731.25,3886.8,3991.666667,,,,,,4,280.0361826,4.67
,80.8,5400,,3,,,,4029.75,3898.8,4389.666667,,,,,,3,234.2265733,3.9
,80.8,5400,,1.7,,,,3334.8325,3694.666,2822.11,,,,,,1.7,174.6740812,2.91
53.78,66.7,3633,,2.8,,,,3633,3633,3633,,,,,,2.8,180,3
79.26,82.2,5354,,29.7,,,,5354,5354,5354,,,,,,29.7,1440,24
79.14,82.6,5346,,30.4,,,,5346,5346,5346,,,,,,30.4,1440,24
80.7,82.9,5451,,30.4,,,,5451,5451,5451,,,,,,30.4,1440,24
71.86,82.1,4854,,28.4,,,,4854,4854,4854,,,,,,28.4,1380,23
55.54,71.6,3752,,13.4,,,,3752,3752,3752,,,,,,13.4,870,14.5
0,80.8,5400,,0.5,,,,3271.8325,3344.066,3084.666667,,,,,,0.5,119.7025501,2
0,80.8,5400,,1.2,,,,3271.8325,3592.066,3322.443333,,,,,,1.2,151.7692766,2.53
0,80.8,5400,,4.3,,,,4121,4372.6,4369.666667,,,,,,4.3,293.7790654,4.9
0,80.8,5400,,2.9,,,,4029.75,3898.8,4389.666667,,,,,,2.9,229.6456124,3.83
0,80.8,5400,,1.5,,,,3271.8325,3344.066,3322.443333,,,,,,1.5,165.5121594,2.76
0,80.8,5400,,0.6,,,,3271.8325,3344.066,3084.666667,,,,,,0.6,124.283511,2.07
,80.8,5400,,0.7,,,,3271.8325,3344.066,3084.666667,,,,,,0.7,128.864472,2.15
0,80.8,5400,,5.8,,,,4704.5,4750,4520.666667,,,,,,5.8,362.4934793,6.04
,80.8,5400,,0.9,,,,3271.8325,3344.066,3322.443333,,,,,,0.9,138.0263938,2.3
0,80.8,5400,,0.8,,,,3271.8325,3344.066,3084.666667,,,,,,0.8,78,1.3
0,80.8,5400,,1.5,,,,3271.8325,3344.066,3322.443333,,,,,,1.5,165.5121594,2.76
,80.8,5400,,1.9,,,,3334.8325,3600.466,3235.443333,,,,,,1.9,183.8360031,3.06
72.38,78.6,4889,,7.3,,,,4889,4889,4889,,,,,,7.3,378,6.3
82.41,83.1,5567,,30.2,,,,5567,5567,5567,,,,,,30.2,1440,24
81.11,82.3,5479,,30.2,,,,5479,5479,5479,,,,,,30.2,1440,24
81.42,82.8,5500,,30.3,,,,5500,5500,5500,,,,,,30.3,1440,24
81.05,68.3,5475,,30,,,,5475,5475,5475,,,,,,30,1440,24
49.06,63.6,3314,,5.7,,,,3314,3314,3314,,,,,,5.7,420,7
0,80.8,5400,,0.9,,,,3271.8325,3344.066,3322.443333,,,,,,0.9,138.0263938,2.3
0,80.8,5400,,1.5,,,,3271.8325,3344.066,3322.443333,,,,,,1.5,165.5121594,2.76
,80.8,5400,,0.4,,,,3271.8325,3344.066,3084.666667,,,,,,0.4,115.1215892,1.92
73.01,77.7,4932,,5.1,,,,4932,4932,4932,,,,,,5.1,264,4.4
81.54,81.7,5508,,30.4,,,,5508,5508,5508,,,,,,30.4,1440,24
83.08,82.6,5612,,31.5,,,,5612,5612,5612,,,,,,31.5,1500,25
81.3,81.7,5492,,30.2,,,,5492,5492,5492,,,,,,30.2,1440,24
81.17,81.8,5483,,30.3,,,,5483,5483,5483,,,,,,30.3,1440,24
81.27,81.6,5490,,30.8,,,,5490,5490,5490,,,,,,30.8,1470,24.5
81.42,81.7,5500,,31.6,,,,5500,5500,5500,,,,,,31.6,1500,25
80.19,81.3,5417,,30.1,,,,5417,5417,5417,,,,,,30.1,1440,24
80.99,81.8,5471,,30.2,,,,5471,5471,5471,,,,,,30.2,1440,24
80.62,81.4,5446,,30,,,,5446,5446,5446,,,,,,30,1440,24
89.07,82.8,6017,,15.8,,,,6017,6017,6017,,,,,,15.8,702,11.7
0,80.8,5400,,0.5,,,,3271.8325,3344.066,3084.666667,,,,,,0.5,119.7025501,2
0,80.8,5400,,1.8,,,,3334.8325,3694.666,3235.443333,,,,,,1.8,179.2550422,2.99
0,80.8,5400,,3.8,,,,3731.25,3917.6,3641.666667,,,,,,3.8,270.8742607,4.51
0,80.8,5400,,2.1,,,,4250.5825,3600.466,4113.11,,,,,,2.1,192.9979249,3.22
0,80.8,5400,,0.5,,,,3271.8325,3344.066,3084.666667,,,,,,0.5,119.7025501,2
0,80.8,5400,,1.1,,,,3271.8325,3344.066,3322.443333,,,,,,1.1,147.1883157,2.45
0,80.8,5400,,1,,,,3271.8325,3592.066,3322.443333,,,,,,1,142.6073547,2.38
,80.8,5400,,2.3,,,,4029.75,3990.466,4389.666667,,,,,,2.3,202.1598468,3.37
0,80.8,5400,,2.1,,,,4250.5825,3600.466,4113.11,,,,,,2.1,192.9979249,3.22
0,80.8,5400,,3.5,,,,3897,4092.2,3662.666667,,,,,,3.5,257.1313779,4.29
0,80.8,5400,,3.8,,,,3731.25,3917.6,3641.666667,,,,,,3.8,270.8742607,4.51
,80.8,5400,,3.4,,,,3965.25,3898.8,3662.666667,,,,,,3.4,252.550417,4.21
,80.8,5400,,2.9,,,,4029.75,3898.8,4389.666667,,,,,,2.9,229.6456124,3.83
82.41,81.2,5567,,30.4,,,,5567,5567,5567,,,,,,30.4,1470,24.5
82.21,81.6,5553,,30.3,,,,5553,5553,5553,,,,,,30.3,1500,25
81.61,83.5,5513,,30.2,,,,5513,5513,5513,,,,,,30.2,1440,24
43.67,65,2950,,3.2,,,,2950,2950,2950,,,,,,3.2,240,4
0,80.8,5400,,0.4,,,,3271.8325,3344.066,3084.666667,,,,,,0.4,115.1215892,1.92
0,80.8,5400,,3,,,,4029.75,3898.8,4389.666667,,,,,,3,234.2265733,3.9
0,80.8,5400,,0.2,,,,3271.8325,3344.066,3084.666667,,,,,,0.2,105.9596673,1.77
,80.8,5400,,0.8,,,,3271.8325,3344.066,3084.666667,,,,,,0.8,133.4454329,2.22
0,80.8,5400,,4.8,,,,4705,4815.2,4940,,,,,,4.8,316.68387,5.28
0,80.8,5400,,5.4,,,,4593,4750.2,4500.666667,,,,,,5.4,344.1696356,5.74
,80.8,5400,,0.6,,,,3271.8325,3344.066,3084.666667,,,,,,0.6,124.283511,2.07
0,80.8,5400,,1.5,,,,3271.8325,3344.066,3322.443333,,,,,,1.5,165.5121594,2.76
0,80.8,5400,,1.6,,,,3400.0825,3344.066,3322.443333,,,,,,1.6,170.0931203,2.83
,80.8,5400,,0.6,,,,3271.8325,3344.066,3084.666667,,,,,,0.6,124.283511,2.07
74.02,80.4,5000,,10.8,,,,5000,5000,5000,,,,,,10.8,540,9
84.75,83.2,5725,,30.4,,,,5725,5725,5725,,,,,,30.4,1440,24
81.29,82,5491,,29.4,,,,5491,5491,5491,,,,,,29.4,1380,23
79.88,82.2,5396,,30.2,,,,5396,5396,5396,,,,,,30.2,1440,24
80,81.9,5404,,30.2,,,,5404,5404,5404,,,,,,30.2,1440,24
81.7,81.9,5519,,30.2,,,,5519,5519,5519,,,,,,30.2,1440,24
81.54,82.1,5508,,30.2,,,,5508,5508,5508,,,,,,30.2,1440,24
76.67,80.9,5179,,29.4,,,,5179,5179,5179,,,,,,29.4,1410,23.5
80.68,82,5450,,30,,,,5450,5450,5450,,,,,,30,1440,24
76,80,5134,,0.6,,,,5134,5134,5134,,,,,,0.6,12,0.2
0,80.8,5400,,0.5,,,,3271.8325,3344.066,3084.666667,,,,,,0.5,119.7025501,2
0,80.8,5400,,3.7,,,,3897,3917.6,3641.666667,,,,,,3.7,266.2932998,4.44
0,80.8,5400,,3.6,,,,3897,4092.2,3641.666667,,,,,,3.6,261.7123389,4.36
0,80.8,5400,,3.5,,,,3897,4092.2,3662.666667,,,,,,3.5,257.1313779,4.29
,80.8,5400,,1.7,,,,3334.8325,3694.666,2822.11,,,,,,1.7,174.6740812,2.91
0,80.8,5400,,3.7,,,,3897,3917.6,3641.666667,,,,,,3.7,266.2932998,4.44
0,80.8,5400,,3.9,,,,3731.25,3917.6,3991.666667,,,,,,3.9,275.4552217,4.59
0,80.8,5400,,3.8,,,,3731.25,3917.6,3641.666667,,,,,,3.8,270.8742607,4.51
,80.8,5400,,0.7,,,,3271.8325,3344.066,3084.666667,,,,,,0.7,128.864472,2.15
,80.8,5400,,0.7,,,,3271.8325,3344.066,3084.666667,,,,,,0.7,128.864472,2.15
78.59,80.5,5309,,22.2,,,,5309,5309,5309,,,,,,22.2,1068,17.8
79.51,81.5,5371,,30.2,,,,5371,5371,5371,,,,,,30.2,1440,24
78.58,80.8,5308,,30,,,,5308,5308,5308,,,,,,30,1440,24
78.03,82.2,5271,,30.1,,,,5271,5271,5271,,,,,,30.1,1440,24
77.72,81.1,5250,,30.1,,,,5250,5250,5250,,,,,,30.1,1440,24
78.22,81.7,5284,,30.6,,,,5284,5284,5284,,,,,,30.6,1500,25
79.69,81,5383,,29.8,,,,5383,5383,5383,,,,,,29.8,1440,24
84.87,81.9,5733,,30.3,,,,5733,5733,5733,,,,,,30.3,1440,24
82.1,81.3,5546,,30,,,,5546,5546,5546,,,,,,30,1440,24
78.58,81.5,5308,,30.3,,,,5308,5308,5308,,,,,,30.3,1500,25
79.94,82.2,5400,,30.2,,,,5400,5400,5400,,,,,,30.2,1440,24
79.51,81.5,5371,,30.3,,,,5371,5371,5371,,,,,,30.3,1440,24
78.28,81,5288,,31.8,,,,5288,5288,5288,,,,,,31.8,1500,25
77.54,81,5238,,30.3,,,,5238,5238,5238,,,,,,30.3,1440,24
79.45,85.8,5367,,8.1,,,,5367,5367,5367,,,,,,8.1,360,6
,80.8,5400,,4.7,,,,4705,4815.2,4629.333333,,,,,,4.7,312.1029091,5.2
0,80.8,5400,,2.3,,,,4029.75,3990.466,4389.666667,,,,,,2.3,202.1598468,3.37
0,80.8,5400,,5.5,,,,4593,4750.2,4480,,,,,,5.5,348.7505965,5.81
,80.8,5400,,2.4,,,,4029.75,3990.466,4389.666667,,,,,,2.4,206.7408077,3.45
,80.8,5400,,5.5,,,,4593,4750.2,4480,,,,,,5.5,348.7505965,5.81
79.62,81.5,5378,,6,,,,5378,5378,5378,,,,,,6,318,5.3
78.46,82.5,5300,,17,,,,5300,5300,5300,,,,,,17,810,13.5
0,80.8,5400,,1.8,,,,3334.8325,3694.666,3235.443333,,,,,,1.8,179.2550422,2.99
0,80.8,5400,,0,,,,3271.8325,3344.066,3084.666667,,,,,,0,96.79774545,1.61
0,80.8,5400,,3.8,,,,3731.25,3917.6,3641.666667,,,,,,3.8,270.8742607,4.51
0,80.8,5400,,3.6,,,,3897,4092.2,3641.666667,,,,,,3.6,261.7123389,4.36
0,80.8,5400,,3.8,,,,3731.25,3917.6,3641.666667,,,,,,3.8,270.8742607,4.51
0,80.8,5400,,3.7,,,,3897,3917.6,3641.666667,,,,,,3.7,266.2932998,4.44
0,80.8,5400,,3.7,,,,3897,3917.6,3641.666667,,,,,,3.7,266.2932998,4.44
0,80.8,5400,,3.7,,,,3897,3917.6,3641.666667,,,,,,3.7,266.2932998,4.44
0,80.8,5400,,3.6,,,,3897,4092.2,3641.666667,,,,,,3.6,261.7123389,4.36
0,80.8,5400,,3.7,,,,3897,3917.6,3641.666667,,,,,,3.7,266.2932998,4.44
,80.8,5400,,3.2,,,,4029.75,3898.8,3748.666667,,,,,,3.2,243.3884952,4.06
0,80.8,5400,,1.7,,,,3334.8325,3694.666,2822.11,,,,,,1.7,174.6740812,2.91
,80.8,5400,,1.8,,,,3334.8325,3694.666,3235.443333,,,,,,1.8,179.2550422,2.99
,80.8,5400,,0.9,,,,3271.8325,3344.066,3322.443333,,,,,,0.9,138.0263938,2.3
83.63,79.6,5649,,15.2,,,,5649,5649,5649,,,,,,15.2,720,12
82.35,80.1,5563,,28.9,,,,5563,5563,5563,,,,,,28.9,1380,23
81.76,80.1,5523,,28.6,,,,5523,5523,5523,,,,,,28.6,1380,23
86.91,78.5,5871,,30.2,,,,5871,5871,5871,,,,,,30.2,1440,24
84.17,79.5,5686,,29.9,,,,5686,5686,5686,,,,,,29.9,1440,24
84.34,78.8,5697,,30.1,,,,5697,5697,5697,,,,,,30.1,1440,24
80,78.6,5404,,28.7,,,,5404,5404,5404,,,,,,28.7,1380,23
85.27,76.7,5760,,30.3,,,,5760,5760,5760,,,,,,30.3,1440,24
82.95,75.9,5603,,30.2,,,,5603,5603,5603,,,,,,30.2,1440,24
82.86,75.2,5597,,28.9,,,,5597,5597,5597,,,,,,28.9,1380,23
80.38,76.6,5430,,30.2,,,,5430,5430,5430,,,,,,30.2,1440,24
81.66,76.6,5516,,30,,,,5516,5516,5516,,,,,,30,1440,24
80.58,80.1,5443,,30.2,,,,5443,5443,5443,,,,,,30.2,1440,24
82.38,79.9,5565,,28.8,,,,5565,5565,5565,,,,,,28.8,1380,23
79.39,80.1,5363,,30.1,,,,5363,5363,5363,,,,,,30.1,1440,24
80.31,81.4,5425,,30,,,,5425,5425,5425,,,,,,30,1440,24
85.28,82.1,5761,,30,,,,5761,5761,5761,,,,,,30,1440,24
85.3,82.2,5762,,30,,,,5762,5762,5762,,,,,,30,1440,24
84.2,82.8,5688,,28.9,,,,5688,5688,5688,,,,,,28.9,1380,23
81.44,81.9,5501,,30.2,,,,5501,5501,5501,,,,,,30.2,1440,24
74.02,78.1,5000,,28.9,,,,5000,5000,5000,,,,,,28.9,1440,24
49.96,67.1,3375,,3.7,,,,3375,3375,3375,,,,,,3.7,240,4
0,80.8,5400,,0.8,,,,3271.8325,3344.066,3084.666667,,,,,,0.8,133.4454329,2.22
,80.8,5400,,2.4,,,,4029.75,3990.466,4389.666667,,,,,,2.4,206.7408077,3.45
79.35,78.8,5360,,9.2,,,,5360,5360,5360,,,,,,9.2,468,7.8
79.64,81.7,5380,,29.8,,,,5380,5380,5380,,,,,,29.8,1440,24
82.69,81.2,5586,,29.8,,,,5586,5586,5586,,,,,,29.8,1440,24
78.85,81.1,5326,,30,,,,5326,5326,5326,,,,,,30,1440,24
80.13,80.8,5413,,29.7,,,,5413,5413,5413,,,,,,29.7,1440,24
78.46,81,5300,,22.5,,,,5300,5300,5300,,,,,,22.5,1080,18
0,80.8,5400,,0.2,,,,3271.8325,3344.066,3084.666667,,,,,,0.2,105.9596673,1.77
0,80.8,5400,,0.7,,,,3271.8325,3344.066,3084.666667,,,,,,0.7,128.864472,2.15
,80.8,5400,,5.5,,,,4593,4750.2,4480,,,,,,5.5,348.7505965,5.81
0,80.8,5400,,3.1,,,,4029.75,3898.8,3748.666667,,,,,,3.1,238.8075342,3.98
0,80.8,5400,,3.6,,,,3897,4092.2,3641.666667,,,,,,3.6,261.7123389,4.36
,80.8,5400,,1.2,,,,3271.8325,3592.066,3322.443333,,,,,,1.2,151.7692766,2.53
,80.8,5400,,1.5,,,,3271.8325,3344.066,3322.443333,,,,,,1.5,165.5121594,2.76
78.59,79.1,5309,,16.4,,,,5309,5309,5309,,,,,,16.4,822,13.7
79.57,80.6,5375,,30.2,,,,5375,5375,5375,,,,,,30.2,1440,24
79.51,79.8,5371,,30.2,,,,5371,5371,5371,,,,,,30.2,2406,40.1
79.54,80.8,5373,,25.8,,,,5373,5373,5373,,,,,,25.8,654,10.9
78.46,81.1,5300,,30,,,,5300,5300,5300,,,,,,30,1260,21
81.79,80.6,5525,,34,,,,5525,5525,5525,,,,,,34,1440,24
80.34,80.6,5427,,29.8,,,,5427,5427,5427,,,,,,29.8,1440,24
72.54,78.1,4900,,29.7,,,,4900,4900,4900,,,,,,29.7,1440,24
83.8,73.1,5661,,29.2,,,,5661,5661,5661,,,,,,29.2,1440,24
78.22,80.1,5284,,30.1,,,,5284,5284,5284,,,,,,30.1,1440,24
74.02,72.1,5000,,18.1,,,,5000,5000,5000,,,,,,18.1,1020,17
0,80.8,5400,,0.5,,,,3271.8325,3344.066,3084.666667,,,,,,0.5,119.7025501,2
0,80.8,5400,,1.1,,,,3271.8325,3344.066,3322.443333,,,,,,1.1,147.1883157,2.45
0,80.8,5400,,3.7,,,,3897,3917.6,3641.666667,,,,,,3.7,266.2932998,4.44
,80.8,5400,,4.8,,,,4705,4815.2,4940,,,,,,4.8,316.68387,5.28
0,80.8,5400,,0.1,,,,3271.8325,3344.066,3084.666667,,,,,,0.1,101.3787064,1.69
0,80.8,5400,,5.6,,,,4704.5,4750,4480,,,,,,5.6,353.3315574,5.89
,80.8,5400,,1,,,,3271.8325,3592.066,3322.443333,,,,,,1,142.6073547,2.38
,80.8,5400,,3.8,,,,3731.25,3917.6,3641.666667,,,,,,3.8,270.8742607,4.51
80.95,78.3,5468,,19.1,,,,5468,5468,5468,,,,,,19.1,942,15.7
78.89,81.9,5329,,29.8,,,,5329,5329,5329,,,,,,29.8,1440,24
84.6,82.3,5715,,29.8,,,,5715,5715,5715,,,,,,29.8,1440,24
82,82.1,5539,,29.7,,,,5539,5539,5539,,,,,,29.7,1440,24
81.88,82.2,5531,,29.9,,,,5531,5531,5531,,,,,,29.9,1440,24
81.32,82.4,5493,,30,,,,5493,5493,5493,,,,,,30,1440,24
81.17,82.4,5483,,30.2,,,,5483,5483,5483,,,,,,30.2,1440,24
29.61,65,2000,,18.4,,,,2000,2000,2000,,,,,,18.4,1440,24
31.96,56.9,2159,,15.2,,,,2159,2159,2159,,,,,,15.2,1440,24
32.24,68.9,2178,,20,,,,2178,2178,2178,,,,,,20,1440,24
62.18,71,4200,,22.9,,,,4200,4200,4200,,,,,,22.9,1440,24
76.79,79.6,5187,,30.2,,,,5187,5187,5187,,,,,,30.2,1440,24
79.9,78.3,5397,,30.2,,,,5397,5397,5397,,,,,,30.2,1440,24
78.71,79.8,5317,,29.8,,,,5317,5317,5317,,,,,,29.8,1440,24
75.75,80.4,5117,,28,,,,5117,5117,5117,,,,,,28,1440,24
79.94,80.6,5400,,22,,,,5400,5400,5400,,,,,,22,1110,18.5
,80.8,5400,,3.8,,,,3731.25,3917.6,3641.666667,,,,,,3.8,270.8742607,4.51
0,80.8,5400,,3,,,,4029.75,3898.8,4389.666667,,,,,,3,234.2265733,3.9
0,80.8,5400,,0,,,,3271.8325,3344.066,3084.666667,,,,,,0,96.79774545,1.61
0,80.8,5400,,3.6,,,,3897,4092.2,3641.666667,,,,,,3.6,261.7123389,4.36
,80.8,5400,,0.3,,,,3271.8325,3344.066,3084.666667,,,,,,0.3,110.5406282,1.84
,80.8,5400,,1.3,,,,3271.8325,3344.066,3322.443333,,,,,,1.3,156.3502375,2.61
72.58,81,4902.5,,25.1,,,,4902.5,4902.5,4902.5,,,,,,25.1,1224,20.4
75.35,81.1,5089.86,,27.2,,,,5089.86,5089.86,5089.86,,,,,,27.2,1380,23
79.16,80.9,5347.26,,28.8,,,,5347.26,5347.26,5347.26,,,,,,28.8,1380,23
76.85,80.2,5191.43,,29.7,,,,5191.43,5191.43,5191.43,,,,,,29.7,1440,24
73.95,83.2,4995.39,,13.2,,,,4995.39,4995.39,4995.39,,,,,,13.2,630,10.5
0,80.8,5400,,1.1,,,,3271.8325,3344.066,3322.443333,,,,,,1.1,147.1883157,2.45
0,80.8,5400,,3.3,,,,3965.25,3898.8,3662.666667,,,,,,3.3,247.9694561,4.13
0,80.8,5400,,6.2,,,,4526.5,4507.6,4930.666667,,,,,,6.2,480,8
0,80.8,5400,,3.3,,,,3965.25,3898.8,3662.666667,,,,,,3.3,247.9694561,4.13
0,80.8,5400,,3.3,,,,3965.25,3898.8,3662.666667,,,,,,3.3,247.9694561,4.13
0,80.8,5400,,3.2,,,,4029.75,3898.8,3748.666667,,,,,,3.2,243.3884952,4.06
0,80.8,5400,,3.2,,,,4029.75,3898.8,3748.666667,,,,,,3.2,243.3884952,4.06
0,80.8,5400,,3.2,,,,4029.75,3898.8,3748.666667,,,,,,3.2,243.3884952,4.06
0,80.8,5400,,3.2,,,,4029.75,3898.8,3748.666667,,,,,,3.2,243.3884952,4.06
,80.8,5400,,3.2,,,,4029.75,3898.8,3748.666667,,,,,,3.2,243.3884952,4.06
0,80.8,5400,,4.7,,,,4705,4815.2,4629.333333,,,,,,4.7,312.1029091,5.2
0,80.8,5400,,5.4,,,,4593,4750.2,4500.666667,,,,,,5.4,344.1696356,5.74
0,80.8,5400,,4.6,,,,4622,4684,4629.333333,,,,,,4.6,307.5219482,5.13
,80.8,5400,,0.3,,,,3271.8325,3344.066,3084.666667,,,,,,0.3,110.5406282,1.84
,80.8,5400,,4,,,,3731.25,3886.8,3991.666667,,,,,,4,280.0361826,4.67
81.49,80,5504.42,,14.4,,,,5504.42,5504.42,5504.42,,,,,,14.4,678,11.3
76.41,80.8,5161.59,,31.4,,,,5161.59,5161.59,5161.59,,,,,,31.4,1500,25
56.75,80,3833.33,,1.3,,,,3833.33,3833.33,3833.33,,,,,,1.3,60,1
0,80.8,5400,,0.5,,,,3271.8325,3344.066,3084.666667,,,,,,0.5,119.7025501,2
0,80.8,5400,,3.4,,,,3965.25,3898.8,3662.666667,,,,,,3.4,252.550417,4.21
,80.8,5400,,4.6,,,,4622,4684,4629.333333,,,,,,4.6,307.5219482,5.13
0,80.8,5400,,0.6,,,,3271.8325,3344.066,3084.666667,,,,,,0.6,124.283511,2.07
,80.8,5400,,4,,,,3731.25,3886.8,3991.666667,,,,,,4,280.0361826,4.67
,80.8,5400,,1,,,,3271.8325,3592.066,3322.443333,,,,,,1,142.6073547,2.38
74.99,79,5065.43,,29,,,,5065.43,5065.43,5065.43,,,,,,29,1386,23.1
72.48,80.1,4896.36,,29.8,,,,4896.36,4896.36,4896.36,,,,,,29.8,1440,24
54.22,75,3662.45,,23.2,,,,3662.45,3662.45,3662.45,,,,,,23.2,1320,22
0,80.8,5400,,4.7,,,,4705,4815.2,4629.333333,,,,,,4.7,312.1029091,5.2
0,80.8,5400,,3.5,,,,3897,4092.2,3662.666667,,,,,,3.5,257.1313779,4.29
0,80.8,5400,,4,,,,3731.25,3886.8,3991.666667,,,,,,4,280.0361826,4.67
,80.8,5400,,2.3,,,,4029.75,3990.466,4389.666667,,,,,,2.3,202.1598468,3.37
0,80.8,5400,,3.6,,,,3897,4092.2,3641.666667,,,,,,3.6,261.7123389,4.36
,80.8,5400,,3.2,,,,4029.75,3898.8,3748.666667,,,,,,3.2,243.3884952,4.06
0,80.8,5400,,2.6,,,,4029.75,3898.8,4389.666667,,,,,,2.6,215.9027296,3.6
0,80.8,5400,,1.1,,,,3271.8325,3344.066,3322.443333,,,,,,1.1,147.1883157,2.45
0,80.8,5400,,4,,,,3731.25,3886.8,3991.666667,,,,,,4,280.0361826,4.67
,80.8,5400,,5.8,,,,4704.5,4750,4520.666667,,,,,,5.8,362.4934793,6.04
46.19,80,3120,,0.4,,,,3120,3120,3120,,,,,,0.4,30,0.5
78.56,81.6,5306.57,,30.1,,,,5306.57,5306.57,5306.57,,,,,,30.1,1440,24
77.6,80,5241.71,,30.2,,,,5241.71,5241.71,5241.71,,,,,,30.2,1440,24
75.68,80.4,5112.03,,30,,,,5112.03,5112.03,5112.03,,,,,,30,1440,24
78.28,81.7,5287.5,,30.2,,,,5287.5,5287.5,5287.5,,,,,,30.2,1440,24
75.95,81,5130.5,,29.2,,,,5130.5,5130.5,5130.5,,,,,,29.2,1380,23
79.23,81.6,5351.8,,30.2,,,,5351.8,5351.8,5351.8,,,,,,30.2,1440,24
78.88,81.5,5328.27,,30.1,,,,5328.27,5328.27,5328.27,,,,,,30.1,1440,24
79.25,81.6,5353.59,,30.2,,,,5353.59,5353.59,5353.59,,,,,,30.2,1440,24
79.02,80.7,5337.47,,30.2,,,,5337.47,5337.47,5337.47,,,,,,30.2,1440,24
77.32,80.8,5222.99,,30,,,,5222.99,5222.99,5222.99,,,,,,30,1440,24
79.73,82.3,5385.89,,29.6,,,,5385.89,5385.89,5385.89,,,,,,29.6,1440,24
71.11,79.9,4803.39,,26.2,,,,4803.39,4803.39,4803.39,,,,,,26.2,1380,23
,80.8,5400,,7.2,,,,4749.75,4873.2,4621.666667,,,,,,7.2,426.6269323,7.11
0,80.8,5400,,3.1,,,,4029.75,3898.8,3748.666667,,,,,,3.1,238.8075342,3.98
,80.8,5400,,1.1,,,,3271.8325,3344.066,3322.443333,,,,,,1.1,147.1883157,2.45
,80.8,5400,,1,,,,3271.8325,3592.066,3322.443333,,,,,,1,142.6073547,2.38
89.31,80.4,6032.75,,19,,,,6032.75,6032.75,6032.75,,,,,,19,906,15.1
83.42,81.9,5635.11,,29,,,,5635.11,5635.11,5635.11,,,,,,29,1440,24
84.78,82.6,5726.71,,29.1,,,,5726.71,5726.71,5726.71,,,,,,29.1,1440,24
85.29,82.9,5761.11,,29.8,,,,5761.11,5761.11,5761.11,,,,,,29.8,1500,25
84.81,82.5,5729.17,,29.9,,,,5729.17,5729.17,5729.17,,,,,,29.9,1440,24
87.84,83.5,5933.79,,29.7,,,,5933.79,5933.79,5933.79,,,,,,29.7,1440,24
89.31,83.6,6033.04,,29.5,,,,6033.04,6033.04,6033.04,,,,,,29.5,1440,24
92.44,83.8,6244.48,,29.5,,,,6244.48,6244.48,6244.48,,,,,,29.5,1440,24
94.98,85,6415.8,,29,,,,6415.8,6415.8,6415.8,,,,,,29,1440,24
94.67,85,6394.74,,29.2,,,,6394.74,6394.74,6394.74,,,,,,29.2,1440,24
90.6,83.8,6120.33,,29.7,,,,6120.33,6120.33,6120.33,,,,,,29.7,1440,24
86.43,80.8,5838.17,,29.2,,,,5838.17,5838.17,5838.17,,,,,,29.2,1440,24
92.47,84,6246.68,,30.7,,,,6246.68,6246.68,6246.68,,,,,,30.7,1500,25
88.7,81.5,5991.7,,29.2,,,,5991.7,5991.7,5991.7,,,,,,29.2,1440,24
78.95,81,5333.33,,28.3,,,,5333.33,5333.33,5333.33,,,,,,28.3,1440,24
83.04,80.8,5609.52,,26.4,,,,5609.52,5609.52,5609.52,,,,,,26.4,1260,21
0,80.8,5400,,0.6,,,,3271.8325,3344.066,3084.666667,,,,,,0.6,124.283511,2.07
0,80.8,5400,,4.4,,,,4622,4372.6,4369.666667,,,,,,4.4,298.3600263,4.97
0,80.8,5400,,3.6,,,,3897,4092.2,3641.666667,,,,,,3.6,261.7123389,4.36
0,80.8,5400,,3.8,,,,3731.25,3917.6,3641.666667,,,,,,3.8,270.8742607,4.51
0,80.8,5400,,3.7,,,,3897,3917.6,3641.666667,,,,,,3.7,266.2932998,4.44
0,80.8,5400,,3.5,,,,3897,4092.2,3662.666667,,,,,,3.5,257.1313779,4.29
0,80.8,5400,,3.5,,,,3897,4092.2,3662.666667,,,,,,3.5,257.1313779,4.29
0,80.8,5400,,3.7,,,,3897,3917.6,3641.666667,,,,,,3.7,266.2932998,4.44
0,80.8,5400,,3.7,,,,3897,3917.6,3641.666667,,,,,,3.7,266.2932998,4.44
0,80.8,5400,,3.5,,,,3897,4092.2,3662.666667,,,,,,3.5,257.1313779,4.29
0,80.8,5400,,3.4,,,,3965.25,3898.8,3662.666667,,,,,,3.4,252.550417,4.21
0,80.8,5400,,3.3,,,,3965.25,3898.8,3662.666667,,,,,,3.3,247.9694561,4.13
0,80.8,5400,,3.1,,,,4029.75,3898.8,3748.666667,,,,,,3.1,238.8075342,3.98
0,80.8,5400,,3.2,,,,4029.75,3898.8,3748.666667,,,,,,3.2,243.3884952,4.06
0,80.8,5400,,3.1,,,,4029.75,3898.8,3748.666667,,,,,,3.1,238.8075342,3.98
0,80.8,5400,,3,,,,4029.75,3898.8,4389.666667,,,,,,3,234.2265733,3.9
0,80.8,5400,,3.1,,,,4029.75,3898.8,3748.666667,,,,,,3.1,238.8075342,3.98
0,80.8,5400,,3.1,,,,4029.75,3898.8,3748.666667,,,,,,3.1,238.8075342,3.98
,80.8,5400,,4.4,,,,4622,4372.6,4369.666667,,,,,,4.4,298.3600263,4.97
0,80.8,5400,,0.9,,,,3271.8325,3344.066,3322.443333,,,,,,0.9,138.0263938,2.3
0,80.8,5400,,3.4,,,,3965.25,3898.8,3662.666667,,,,,,3.4,252.550417,4.21
0,80.8,5400,,4.9,,,,5019,4815.2,4940,,,,,,4.9,30,0.5
0,80.8,5400,,4.9,,,,5019,4815.2,4940,,,,,,4.9,30,0.5
0,80.8,5400,,4.3,,,,4121,4372.6,4369.666667,,,,,,4.3,293.7790654,4.9
,80.8,5400,,0.3,,,,3271.8325,3344.066,3084.666667,,,,,,0.3,110.5406282,1.84
,80.8,5400,,0.6,,,,3271.8325,3344.066,3084.666667,,,,,,0.6,124.283511,2.07
66.08,78,4464,,21.6,,,,4464,4464,4464,,,,,,21.6,1218,20.3
68.39,78,4620,,15.9,,,,4620,4620,4620,,,,,,15.9,912,15.2
,80.8,5400,,8.3,,,,5187.5,5036.4,5287,,,,,,8.3,477.0175025,7.95
0,80.8,5400,,0.3,,,,3271.8325,3344.066,3084.666667,,,,,,0.3,110.5406282,1.84
0,80.8,5400,,4.1,,,,4121,4372.6,3991.666667,,,,,,4.1,284.6171435,4.74
,80.8,5400,,3.2,,,,4029.75,3898.8,3748.666667,,,,,,3.2,243.3884952,4.06
,80.8,5400,,1.2,,,,3271.8325,3592.066,3322.443333,,,,,,1.2,151.7692766,2.53
72.14,77,4873,,2.8,,,,4873,4873,4873,,,,,,2.8,168,2.8
69.93,77.8,4724,,23.7,,,,4724,4724,4724,,,,,,23.7,1368,22.8
89.98,81.4,6078,,13.7,,,,6078,6078,6078,,,,,,13.7,720,12
,80.8,5400,,16.8,,,,5119.75,5019.8,5203,,,,,,16.8,866.3991814,14.44
0,80.8,5400,,0.8,,,,3271.8325,3344.066,3084.666667,,,,,,0.8,133.4454329,2.22
,80.8,5400,,0.3,,,,3271.8325,3344.066,3084.666667,,,,,,0.3,110.5406282,1.84
,80.8,5400,,0.9,,,,3271.8325,3344.066,3322.443333,,,,,,0.9,138.0263938,2.3
83.75,82,5657,,24.2,,,,5657,5657,5657,,,,,,24.2,1230,20.5
82.75,81.4,5590,,28,,,,5590,5590,5590,,,,,,28,1440,24
68.1,7.5,4600,,4.1,,,,4600,4600,4600,,,,,,4.1,240,4
0,80.8,5400,,2.2,,,,4250.5825,3990.466,4389.666667,,,,,,2.2,197.5788859,3.29
,80.8,5400,,0.6,,,,3271.8325,3344.066,3084.666667,,,,,,0.6,124.283511,2.07
0,80.8,5400,,0.9,,,,3271.8325,3344.066,3322.443333,,,,,,0.9,138.0263938,2.3
0,80.8,5400,,5.3,,,,4720.25,4750.2,5189,,,,,,5.3,339.5886747,5.66
,80.8,5400,,3.1,,,,4029.75,3898.8,3748.666667,,,,,,3.1,238.8075342,3.98
,80.8,5400,,0.6,,,,3271.8325,3344.066,3084.666667,,,,,,0.6,124.283511,2.07
77.81,79.1,5256,,5.3,,,,5256,5256,5256,,,,,,5.3,258,4.3
85.14,83.3,5751,,30,,,,5751,5751,5751,,,,,,30,1440,24
86.03,81,5811,,29.5,,,,5811,5811,5811,,,,,,29.5,1380,23
80.5,81.6,5438,,30,,,,5438,5438,5438,,,,,,30,1440,24
88.1,78.9,5951,,29.5,,,,5951,5951,5951,,,,,,29.5,1380,23
85.12,82,5750,,30,,,,5750,5750,5750,,,,,,30,1440,24
81.24,79.4,5488,,29.4,,,,5488,5488,5488,,,,,,29.4,1380,23
84.01,82.1,5675,,30,,,,5675,5675,5675,,,,,,30,1440,24
83.21,80.6,5620.83,,30.1,,,,5620.83,5620.83,5620.83,,,,,,30.1,1440,24
80.68,78.4,5450,,28,,,,5450,5450,5450,,,,,,28,1380,23
91.78,78.1,6200,,29.9,,,,6200,6200,6200,,,,,,29.9,1440,24
93.26,68.1,6300,,24.4,,,,6300,6300,6300,,,,,,24.4,1380,23
86.36,80.6,5833.33,,29.8,,,,5833.33,5833.33,5833.33,,,,,,29.8,1440,24
85.68,78.3,5788,,29,,,,5788,5788,5788,,,,,,29,1380,23
87.34,81.7,5900,,29.8,,,,5900,5900,5900,,,,,,29.8,1440,24
83.02,80,5608,,28,,,,5608,5608,5608,,,,,,28,1380,23
76.98,78.8,5200,,27.3,,,,5200,5200,5200,,,,,,27.3,1440,24
